{
  "total_cost_saving_usd": 11599352.924999997,
  "total_cost_saving_pct": 17.923314108552443,
  "cost_per_ton_pre": 26.87676536608663,
  "cost_per_ton_post": 22.059558287304288,
  "stockyards_pre": 16,
  "stockyards_post": 10,
  "direct_pct_pre": 15.61526641471822,
  "direct_pct_post": 34.15424228580922
}